<?xml version="1.0" encoding="UTF-8"?>
<project-private xmlns="http://www.netbeans.org/ns/project-private/1">
    <editor-bookmarks xmlns="http://www.netbeans.org/ns/editor-bookmarks/2" lastBookmarkId="0"/>
    <open-files xmlns="http://www.netbeans.org/ns/projectui-open-files/2">
        <group>
            <file>file:/C:/Users/lab_services_student/Desktop/ST10051335-PROG5121%20part%201/src/st10051335/prog5121/part/pkg1/SignUp.java</file>
            <file>file:/C:/Users/lab_services_student/Desktop/ST10051335-PROG5121%20part%201/src/st10051335/prog5121/part/pkg1/ST10051335PROG5121Part1.java</file>
            <file>file:/C:/Users/lab_services_student/Desktop/ST10051335-PROG5121%20part%201/src/st10051335/prog5121/part/pkg1/Scanner.java</file>
            <file>file:/C:/Users/lab_services_student/Desktop/ST10051335-PROG5121%20part%201/src/st10051335/prog5121/part/pkg1/name.java</file>
            <file>file:/C:/Users/lab_services_student/Desktop/ST10051335-PROG5121%20part%201/src/st10051335/prog5121/part/pkg1/Login.java</file>
        </group>
    </open-files>
</project-private>
